Refuse Rounds Road & Day of Collection,,,,
,,,,
Monday,Tuesday,Wednesday,Thursday,Friday
Amber Grove,Bentley Drive,Carlton Close,Compton Close,The Riding
Caney Mews,Besant Road,Elm Terrace,Elsinore Gardens,Hendon Way (NW2: Nos 1-166)
Claremont Way,Dairyman Close,Farm Avenue,Gillingham Road,Gresham Gardens
Cotswold Gate,Longberrys,Harman Close,Llanelly Road,The Ridgeway
Jade Close,Marnham Avenue,Harman Drive,Pentland Close,Woodstock Road
Malvern Gardens,Montpelier Way,Heathcroft,Sanderstead Avenue,Gainsborough Gardens
Marble Drive,Mortimer Close,Hermitage Lane,Vale Rise,Golders Gardens
Mendip Drive,Sandifer Drive,Hocroft Avenue,Cloister Road,Armitage Road
Pearl Close,Highfield Gardens,Hocroft Road,Garth Road,Ridge Hill
Purbeck Drive,Highfield Avenue,Howard Close,Crewys Road,Wessex Gardens
Topaz Walk,Woodville Road,Lyndale,Nant Road,Wessex Way
Wallcote Avenue,St Marys Road,Ranulf Road,Llanvanor Road,Wayside
Zeland Close,Montpelier Rise,West Heath Road,Somerton Road,Woodstock Avenue
Claremont Road (FOR R1/GW6),Elmcroft Crescent,North End Road,Hodford Road,The Drive
Cotswold Gardens,Sandringham Road,The Park,Rodborough Road,The Grove
Pennine Drive,Hamilton Road,Park Drive,Finchley Road (G Green to NCR),Limes Avenue
Chiltern Gardens,Woodville Gardens,Park Avenue,Dunstan Road,Beverley Gardens
Cheviot Gardens,Brentfield Gardens,West Heath Avenue,Helenslea Avenue,Basing Hill
Cheviot Gate,Cricklewood Lane,Golders Park Close,Wycombe Gardens,Powis Gardens
Cleveland Gardens,Lichfield Road,West Heath Drive,Dersingham Road,Siamese Mews
Clitterhouse Crescent,Horton Avenue,West Heath Gardens,Granville Road,"Vardon Close, Claremont Park"
Clitterhouse Road,Galsworthy Road,Platts Lane,Caddington Road,Station Road N3
Prayle Grove,Westcroft Close (Barnet Section),Pattison Road,The Vale,Station Close
Whitefield Avenue,Westcroft Way,Hermitage Gardens,Greenfield Gardens,Clifton Avenue
Cumbrian Gardens,Ash Grove,Prospect Road,Purley Avenue,Dollis Park
Grampian Gardens,Elm Grove,Lyndale Avenue,Thorverton Road,Grass Park
Quantock Gardens,Yew Grove,Ridge Road,Maddison Close,Dollis Avenue
Long Lane,Oak Grove,Sunnyside,"Vale Farm, Strawberry Vale",Rathgar Close
Dukes Avenue,Kingsley Way,Prospect Place,Briar Close,Victoria Avenue
Sylvan Avenue,Kingsley Close,Hocroft Walk,Elm Gardens,Church Crescent
Vines Avenue,Holne Chase,West Heath Close,Claybrook Close,Priory Close
Oakfield Road,Milton Close,Cenacle Close,Long Lane,The Avenue
Montpelier Road,Rowan Walk,Beechworth Close,Font Hills,Regents Park Road
Cromwell Road,Chalton Drive,Elm Walk,The Mead,Regents Park Road
Abingdon Road,Winnington Close,Beaumont Gardens,Manor Cottages Approach,Hendon Avenue
Pointalls Close,Winnington Road,Westover Hill,Chamberlain Road,Freston Park
Avondale Road,Norrice Lea,Eden Close,Richmond Road,Kingswood Park
Rosemary Avenue,Church Mount,Hampstead Way (C),Brighton Road,Grenville Close
Tangle Tree Close,Linden Lea,Romney Close,New Oak Road,Queenswood Park
Briarfield Avenue,Lytton Close,Wyldes Close,Taunton Drive,Claremont Park
Manor View,Neville Drive,Morland Close,Brendon Grove,Lyndhurst Gardens
Lichfield Grove,Spencer Drive,Wellgarth Road,Brownswell Road,St Marys Avenue
Hervey Close,Cotman Close,Ossulton Way,Sylvester Road,Cyprus Gardens
Strathmore Gardens,Turner Close,Holyoake Walk,Tarling Road,Cyprus Avenue
Cadogan Gardens,Turner Drive,Blandford Close,Wilmot Close,Village Road
Claigmar Gardens,Meadway Close,Cornwood Close,Thackrah Close,Charter Way
Redbourne Avenue,Bigwood Road,Bancroft Avenue,Fallows Close,College Terrace
Princes Avenue,Hurst Close,Deansway,Oak Lane,Rectory Close
Dorset Mews,Raeburn Close,The Causeway,New Trinity Road,Gravel Hill
Claverley Grove,Constable Close,Cedar Drive,Trinity Road,Bibsworth Road
Claverley Villas,Kenwood Close,Brim Hill,Leslie Road,Cyprus Road
Ballards Lane,Hampstead Lane,Devon Rise,Leopold Road,Salisbury Avenue
Wootton Grove,Spaniards End,Vivian Way,Church Lane,Wickliffe Avenue
Nursery Avenue,Spaniards Road,Harford Walk,The Walks,"Latymer Gardens, Wickliffe Avenue"
Regents Park Road,Ingram Avenue,Widecombe Way,King Street,Windsor Road
Pavilion Mews,Spaniards Close,Totnes Walk,William Close,Windsor Close
"Spring Place, Windermere Avenue",Wildwood Road,Gurney Drive,Red Lion Hill,Arden Road
Windermere Avenue,Wildwood Rise,Howard Walk,Elmfield Road,Allandale Avenue
Edge Hill Avenue,Turners Wood,The Leys,Abbots Gardens,Broughton Avenue
Beechwood Avenue,Fairway Close,Greenhalgh Walk,Cromwell Close,Waverley Grove
Mountfield Road,Bunkers Hill,Hill Top,Elmshurst Crescent,Hendon Lane
"Montgomery Court, Mountfield Road",Green Close,Hutchings Walk,Pulham Avenue,"Hamilton Court, 33 Hendon Lane"
Holmwood Gardens,The Bishops Avenue,Maurice Walk,Simms Gardens,Chalgrove Gardens
Howes Close,Canons Close,Ludlow Way,Lucas Gardens,Chessington Avenue
Cavendish Avenue,Arden Court Gardens,Grey Close,Vanderville Gardens,Fitzalan Road
Stanhope Avenue,Byron Drive,Litchfield Way,Borrowdale Close,Crooked Usage
Holly Park,White Lodge Close,Brunner Close,"Christopher Court, Great North Way",Parklands Drive
Tillingbourne Gardens,Bishops Grove,Sutcliffe Close,"Regal Court, Holders Hill Road",Hillcrest Gardens
Tillingbourne Way,Deacons Rise,Middleway,Regency Crescent,Highview Gardens
Holly Park Gardens,Aylmer Road,Meadway,Robin Lane,North Crescent
Upper Cavendish Avenue,Falloden Way,Ruskin Close,"Rochester Court, Holders Hill Road",St Michaels Close
Orchard Avenue,Lyttelton Road,Childs Way,"The Regents, Holders Hill Road",Rawlins Close
Amberden Avenue,Hill Rise,Willifield Green,Holders Hill Road,Fairholme Gardens
Kingsgate Avenue,Albert Street,Willifield Way,Thornfield Avenue,Fairholme Close
Clandon Hse Court Clandon Road,Fernside,Hampstead Way (Nos 60+),Rydal Close,Haslemere Gardens
Basing Way,"Finchley Lodge, Gainsborough Road",Hill Close,Foreland Court,Kinloss Gardens
Moat Crescent,Temple Close,Linnell Drive,Cumberland Gardens,Surrey Close
Brookland Hill,Netherfield Road,Farm Walk,Timberdene,Beach Lodge Flats 1 - 15
Brookland Close,Gainsborough Road,Asmuns Hill,Freeland Park,Mulligan Lodge
Brookland Rise,Lodge Lane,Denman Drive,Holders Hill Drive,Lullington Garth
Brookland Garth,Devonshire Road,Temple Fortune Hill,Holders Hill Avenue,Rodmell Slope
Thornton Way,Manor Hall Avenue,Oakwood Road,Ridge Close,Offham Slope
Southway,Manor Hall Drive,Heathgate,Westchester Drive,Wolstonbury
Gloucester Drive,Finchley Road,Linnell Close,Cedars Close,Singleton Scarp
Dorchester Gardens,Beaufort Park,Erskine Hill,Tenterden Drive,Chanctonbury Way
Beaufort Drive,Clifton Gardens,Addison Way,Downage,Sussex Ring
Connaught Drive,Alyth Gardens,Hogarth Hill,Sherwood Road,Southover (No's 1-66)
The Grove,Dingwall Gardens,Lucas Square,Ashley Lane,Walmington Fold
"Swift Court (Flats 1- 14),  22 The Grove",Hampstead Gardens,Chatham Close,Garrick Park,Saddlescombe Way
Wentworth Avenue,Forres Gardens,Woodside,Linksway,Poynings Way
Grove Avenue,Temple Fortune Lane,The Orchard,Holders Hill Crescent,Steynings Way
Helen Close,Sheridan Walk,Arlington Green,Holders Hill Gardens,Linkside
Cornwall Avenue,"1 - 9 Grafton Court, Finchley Road",Bradshaw Drive,Great North Way,Cissbury Ring South
Falkland Avenue,689-705 Finchley Road,Cheldon Avenue,Hilltop Gardens,Folkington Corner
Grove Road,374-376 Finchley Road,Colebrook Close,Parson Street,Cissbury Ring North
Wentworth Close,Northway,Hatherleigh Close,Corrigan Close,Pyecombe Corner
Essex Park,North Square,Honiton Gardens,Westside,Curry Rise
Nether Street,South Square,Kingsbridge Drive,"Ballister Court, 177 Great North Way",Walden Way
Hillcourt Avenue,Central Square,Langstone Way,"Royal Court, (9 Flats) Holders Hill Road",Drew Avenue
Dunstan Close,Squires Lane,Lidbury Road,LANTA HOUSE Flats 183 Holders Hill Road,Reading Way
Moss Hall Grove,Vineyard Grove,Marwood Drive,Dollis Road,Bray Road
St Marys Green,Queens Road,Seaton Square,Nether Street,Twinn Road
Moss Hall Crescent,Dickens Avenue,Shillingford Close,Fursby Avenue,Price Close
Alexandra Grove,Queens Avenue,Stockford Avenue,Chesterfield Road,Maurice Brown Close
Argyle Road,Park Crescent,Tavistock Avenue,Westbury Road,Holmes Avenue
Avondale Avenue,Woodlands Avenue,Thornbury Close,Nethercourt Avenue,Kelly Road
Birkbeck Road,Etchingham Park Road,Tiverton Way,Grosvenor Road,Warren Way
Hutton Grove,Park View Road,Woodberry Close,Courthouse Gardens,Roberts Road
Dale Grove,Park Avenue,Shirwell Close,Courthouse Road,Henry Darlot Drive
Cecilia Close,Seymour Road,High Road N12,Howcroft Crescent,Charles Sevright Drive
Juliana Close,The Ridgeway,High Road (Tally Ho Corner-NCR),West Avenue,Scaynes Link
Thomas More Way,St Pauls Way,Granville Road,Penstemon Close,Morphou Road
Clare Close,Willow Way,Graywood Court,Brent Way,Peacock Close
Wentworth Park,Parkside,Eton Avenue,Finchley Way,Amport Place
Mossborough Close,Holdenhurst Avenue,Fallow Court Avenue,Hamilton Way,Beech Lawns
Thyra Grove,Chislehurst Avenue,Montrose Crescent,Maple Close,Copwood Close
Benedict Way,Bow Lane,Christchurch Avenue,The Drive,Fairfield Close
Gruneisen Road,Clifton Road,Woodberry Gardens,Westbury Grove,Lambert Way
Ashburnham Close,Heatherdene Close,Woodberry Way,Nether Close,Northwood Gardens
Brompton Grove,Agnesfield Close,Woodberry Grove,Elm Park Road,Rosebank Close
Chapel Court,"Burberry Court, 15 Etchingham Park Rd",Rosemont Avenue,Eversleigh Road,Victoria Grove
Cherry Tree Hill,St Pancras Court (Flats),Fallowfields Drive,Lansdowne Road,Welbeck Close
Church Vale,Glebelands Close,Thistley Close,Oakdene Park,Friern Park
Eagans Close,The Lodge,Hawthornden Close,Gordon Road,Torrington Avenue
Hampstead Heights,Bedford Close,Pond Close,Lovers Walk,Torrington Close
Heath View Close,"Chalice Court, Deanery Close",Newstead Close,Links View,Glenhurst Road
Homefield Gardens,Challoner Close,Harwood Close,Salento Close,Beechvale Close
Maya Road,Diploma Avenue,Sunny Way,Manor Park Road,Friary Close
New Ash Close,Great North Road,Summerfields Avenue,Sedgemere Avenue,Friary Way
Norfolk Close,Great North Way,Legion Way,Brackenbury Road,Valley Avenue
Park Farm Close,Trott Road,Ingleway,Hamilton Road,Friary Road
Park Gate,Colney Hatch Lane,Upway,Sellers Hall Close,Ravensdale Avenue
Park Road N2,Wilton Road,School Way,Woodgrange Avenue,Friern Watch Avenue
Prospect Place,Sutton Road,Crossway,Woodhouse Road,Mayfield Avenue
Prospect Ring,George Crescent,Crescent Way,Lambert Road,Lynton Avenue
Southern Road,The Vale,Hamilton Square,Castle Road,Finchley Park
Twyford Avenue,Halliwick Road,Christchurch Close,Grove Road,Torrington Park
Vale Close,High Road,Garthway,Stanhope Road,Brent Street
East End Road (C) - GW4 Mon,Coppetts Road (Barnet Section),Chaplin Square,Fenstanton Avenue,Carol Close
Market Place,Chandos Road,Sandringham Gardens,Boxworth Close,Eaton Road
Fortis Green,Netherwood,Kenver Avenue,Hilton Avenue,Etheridge Road
Summerlee Avenue,Hertford Road,Shortway,Hemingford Close,Foster Street
Cherry Tree Road,Bedford Road,Summers Lane,Bramber Road,Foster Walk
Summerlee Gardens,Huntingdon Road,Summers Row,Torrington Grove,Irving Way
Baronsmere Road,Creighton Avenue,Addington Drive,Lewes Road,New Brent Street
Ingram Road,Albion Avenue,Alma Close,Warnham Road,North Street
Talbot Avenue,Halton Close,Haldane Close,Ashurst Road,Queens Road
Elmhurst Avenue,Ribblesdale Avenue,Hopkins Close,Buxted Road,West View F/P
Trinity Avenue,Wharfdale Close,Hornbeams Rise,Petworth Road,Sydney Grove
Durham Road,Winterburn Close,Ireton Close,Hatley Close,Heriot Road
Lincoln Road,Pickering Gardens,Oak Avenue,Hemington Avenue,Green Lane
Kitchener Road,Wensley Close,Pembroke Mews,Horsham Avenue,Brent Terrace
Park Hall Road,Skipton Close,Pert Close,Lyndhurst Avenue,"Romney Row, Brent Terrace"
Leicester Road,Coverdale Road,Strode Close,Hollickwood Avenue,Neeld Crescent
Fairlawn Avenue,Kirkby Close,Sycamore Hill,Woodleigh Avenue,Bertram Road
Oakview Gardens,Deepdale Close,Colney Hatch Lane  (Service Road),Ferncroft Avenue,Sinclair Grove
Stanley Road,Catterick Close,Goodwyns Vale,Thurlestone Avenue,Western Avenue
Heath View,Malham Close,Wetherill Road,Churchfield Avenue,Golders Manor Drive
Dairy Mews,Garsdale Close,Sydney Road,Hendon Park Row,Heather Gardens
East End Road (A) GW3 Sat,Grassington Close,Alma Road,St Edwards Close,Heathfield Gardens
East End Road (B) - GW4 Mon,Swaledale Close,Newton Avenue,Templars Avenue,Rotherwick Road
Templars Crescent,Kettlewell Close,Alexandra Road,St Georges Road,Middleton Road
Hertford Lodge,Arncliffe Close,Roman Road,Highcroft Gardens,Corringway
Beresford Road,Martins Walk,Crown Road,Portsdown Avenue,Vivian Avenue
Etheridge Road,116 - 178 Coppetts Road,Coppetts Close,St Andrews Road,Corringham Road
St Peters Court,Bridge Lane,Hampden Road,St Johns Road,Handley Grove
Brent Street,Princes Park Avenue,Pembroke Road,Leeside Crescent,Upton Close
Century Close,Golders Green Road,Stanley Road,Cranbourne Gardens,"Robinson Court, Somerton Road"
Woodburn Close,Woodlands,Cromwell Road,Brentmead Place (Access Road),Claremont Road (FOR R16/GW5)
Goodyers Gardens,Woodlands Close,Firs Avenue,Park Way,Draycott Close
Brent Green,James Close,Poplar Grove,Oakfields Road,Hamlet Square
Water Brook Lane,Highfield Road,Elm Way,Grosvenor Gardens,Dover Close
Queens Way,Brookside Road,Audley Close,Eastville Avenue,Woodburn Close
Queens Gardens,Russell Gardens,Brent Street,Hayes Crescent,Algernon Road
Queens Road,Alba Gardens,"Tenby Mansions, Brent Street",Hallswelle Road,Dartmouth Road
Cheyne Walk,Garrick Avenue,Stratford Road,Ashbourne Avenue,Esmar Crescent
Beaufort Gardens,Sneath Avenue,Brent Cross Gardens,Ashbourne Way,Graham Road
Denehurst Gardens,Ambrose Avenue,Victoria Road,Alberon Gardens,Malcolm Crescent
Renters Avenue,Gloucester Gardens,First Avenue,Monkville Avenue,Mount Road
Crespigny Road,Golders Green Crescent,Alexandra Road,Hurstwood Road,Russell Road
Foscote Road,Hoop Lane,Bell Lane,Decoy Avenue,Seelig Avenue
Sevington Road,Meadway Gate,Albert Road NW7,Hillcrest Avenue,Stuart Avenue
Allington Road,Wild Hatch,Nora Gardens,Eastside Road,Vaughan Avenue
Fairfield Avenue NW4,Ravenscroft Avenue,Kings Close,Kingweston Close,Vicarage Road
Park Road NW4,Wentworth Road,Boyne Avenue,Norwood Close,Station Road NW4
Nicoll Place,St Georges Close,Hillview Gardens,Windmill Drive,Herbert Road
Daniel Place,Elmcroft Avenue,Green Walk,Hamlet Square,Audley Road
St Davids Place,Beechcroft Avenue,Shirehall Lane,Ophelia Gardens,Montagu Road
Brent View Road,Babington Road,Brentmead Place,Woodvale Way,Elliot Road
Dallas Road,Brinsdale Road,North Circular Road,Beaulieu Close,Woodward Avenue
Sturgess Avenue,Burroughs Gardens,The Crest,Chalfont Court,Talbot Crescent
Riverside,Chatsworth Close,Golders Rise,Court Way,Faber Gardens
Brent Park Road,Church Road,The Approach,Greenway Gardens,Edgeworth Avenue
Layfield Close,Florence Street,West Avenue,Poolsford Road,Edgeworth Crescent
Layfield Road,Fuller Street,Holmfield Avenue,Portman Gardens,Edgeworth Close
Layfield Crescent,Linfield Close,Holmdale Gardens,The Greenway,Cool Oak Lane
337-371 Hendon Way,Mills Grove,Holmbrook Drive,Woodfield Avenue,Woolmead Avenue
228-202 Hendon Way,Nursery Walk,Danescroft Gardens,Colindeep Lane,Dehar Crescent
Aerodrome Road,Ravenshurst Avenue,Danescroft Avenue,Clovelly Avenue,West Hendon Broadway Nos 304-278
Borthwick Road,Raymead,Shirehall Park,Marlow Court,West Hendon Broadway Nos 318-342
Brecon Green,Somerset Road,Shirehall Close,Sheaveshill Avenue,West Hendon Broadway Nos 126-160
Caldicote Green,Sunningfields Crescent,Shirehall Gardens,Rankin Close,Hollyview Close
Camarthen Green,Westhorpe Gardens,Mayfield Gardens,Lynton Avenue,Courtgate Close
Cambrian Green,Finchley Lane,Haslemere Avenue,New Way Road,Wiltshire Close
Colwyn Green,Johns Avenue,Park View Gardens,Hillfield Avenue,Flower Lane
Corris Green,Sunny Gardens Road,Elms Avenue,Annesley Avenue,Parkmead Gardens
Crossway,Chatsworth Avenue,Elm Park Gardens,Greenway Close,Oaklodge Way
Deerfields Close,Meadow Drive,Elm Close,Southbourne Avenue,Wisteria Close
Fryent Crescent,Rowsley Avenue,Jubilee Lodge Green Lane,Colin Park Road,Sylvan Avenue
Fryent Grove,Sunningfields Road,Southbourne Crescent,Colin Close,Brockenhurst Gardens
Gadsbury Close,The Burroughs,Greenbank Crescent,Manor Way,Woodland Way
Northgate Drive,Brampton Grove,Barton Close,Peaberry Court (Flats) Greyhound Hill,Millway
Pendragon Walk,Glebe Crescent,Boltmore Close,Java Court (Flats) Greyhound Hill,Russell Grove
Rookery Close,Tenterden Grove,"Chadbury Court, Watford Way, NW4",Koban Court (Flats) Watford Way,Weymouth Avenue
Rookery Way,Tenterden Close,Chapel Walk F/P 1,Mannock Close,Uphill Drive
"Geneva Court, Rookery Way",Tenterden Gardens,Church End,The Loning,Newcombe Park
"Sobek House, Rookery Way",Wroughton Terrace,Church End Housing,Colindale Avenue,Goodwyn Avenue
Rushgrove Parade,Lodge Road,Church Terrace,Montrose Avenue (Section A),Watford Way
Ruthin Close,Egerton Gardens,Clarendon Gardens,Chequers Close,Foxwood Close
Scottwell Drive,Denmark Hill Drive,Cowley Place,Ajax Avenue,Albert Road NW4
St Matthias Close,Larch Green,Endersleigh Gardens,Cecil Road,Victoria Road
The Hyde  - A5,Long Mead,Grove Gardens,Booth Road,Lawrence Street
Tintern Path,North Green,Hall Lane,Braemar Gardens,The Reddings
Welshide Walk,Peel Drive,Hatchcroft,Angus Gardens,Reddings Close
Colin Crescent,Wardell Field,Richmond Gardens,Blundell Road,Sunnyfield
Colin Gardens,Field Mead,Rundell Crescent,Fortescue Road,Lawrence Gardens
Rushgrove Avenue,Clayton Field,Sherrock Gardens,Goldbeaters Grove (evens 62+ & odds 71+),Highwood Hill
Kingsbury Road,Great Field,Tithe Close,Storksmead Road,Lawrence Court
Derwent Rise,Long Field,"Watford Way, NW4 (Section A)",Mostyn Road,Hartley Avenue
Goldsmith Avenue,Birch Green,Barford Close,Watling Avenue,Hartley Close
Hyde Crescent,Corner Mead,Southfields,Maple Gardens,Montrose Avenue (Section B)
Talgarth Walk,Lancaster Close,Newark Way,Forumside,Thirleby Road
Snowdon Drive,South Mead,Greyhound Hill,Forum Way,Gervase Road
Reets Farm Close,Everglade Strand,Prince Of Wales Close,Manor Park Crescent,Gloucester Grove
Ammanford Green,Broadhead Strand,St Marys Crescent,Peachy Close,Trevor Road
Amroth Green,Little Strand,Sunny Hill,Manns Road,Gunter Grove
Bala Green,Lower Strand,Hendale Avenue,Garden City,Barnfield Road
Beaumaris Green,Great Strand,Prothero Gardens,Chilton Road,Gilbert Grove
Lampeter Close,Rowan Drive,Wykeham Road,Hillside Drive,Boston Road
Silkfield Road,Ruby Way,Raleigh Close,Green Lane,Blessbury Road
Bittacy Road,No 75-90 Lanacre Flats,Garrick Road,Grove Road,St Alphage Walk
Sanders Lane,Kenley Avenue,Wilberforce Road,Fernhurst Gardens,North Road
Bittacy Hill,Kenley Avenue Flats,Vivian Avenue,Manor Park Gardens,Copinger Walk
Bittacy Court & Land Fronting Frith Land,Marham Drive,Alderton Crescent,Station Road Edgware,East Road
Vineyard Avenue,Warmwell Avenue,"Parade Mansions, Alderton Way",Old Rectory Gardens,Newton Walk
Dollis Road,Warmwell Avenue - Flats,Colindeep Gardens,Garratt Road,Roscoff Close
Frith Court,Boscombe Circus,Selborne Gardens,Deansbrook Close,Cooms Walk
Frith Lane,Boscombe Circus Flats,Fuller Street,Edrick Walk,Burnt Oak Fields
Westlinton Close,Coningsby Avenue,The Ridgeway,Edrick Road,Fell Walk
Abercorn Road,Coningsby Avenue  Flats,Partingdale Lane,Banstock Road,Silkstream Road
Lee Road,Debden Close,Millers Close,Wenlock Road,Gaskarth Road
Oakhampton Road,Holbeach Close,Wills Grove,Deansbrook Road,Playfield Road
Ashley Walk,Shawbury Close,Winterstoke Gardens,Littlefield Road,South Road
Bittacy Close,Filton Close,Hammers Lane,Savoy Close,Millfield Road
Grants Close,Pocklington Close,Shakespeare Road,Princes Close,Trevor Gardens
Mallow Mead,"Templar House, Pocklington Close",Birkbeck Road,Carlton Close,Thirleby Road
New Road,Tangmere Way,Daws Lane,Queens Close,Symphony Close
Osborn Gardens,Pageant Avenue,Marion Road,Heming Road,Pike Road
Aberdare Gardens,Folkingham Lane,Tennyson Road,Fairfield Avenue,Marsh Lane
Devonshire Crescent,Heywood Avenue,Page Street,Fairfield Crescent,Brabourne Heights
Brownsea Walk,Gaydon Lane,Milton Road,Parkfield Close,Abbey View
Brook Close,Fulbeck Drive,Wise Lane,Pavilion Way,The Lincolns
Rushden Gardens,Trenchard Close,High Street,Trueman Close,Marsh Close
Salcombe Gardens,Elvington Lane,Milespit Hill,Hutton Row,Green Avenue
Woodcote Avenue,Dishforth Lane,Hollies End,Compton Close,Uphill Road
Bittacy Park Avenue,Cranfield Drive,Vineries Bank,Brearley Close,Tretawn Park
Bittacy Rise,Acklington Drive,Meldex Close,Langham Road (Nos 1-15),Tretawn Gardens
Engel Park,Bovingdon Lane,Pursley Road,Crispin Road,Anthony Close
Moreton Close,Hemswell Drive,Byron Road,Fourland Walk,Uphill Grove
Copthall Drive,Eagle Drive,Sebergham Grove,Walter Walk,Austell Gardens
Holmdene Avenue,Kingfisher Walk,Sandwick Close,Francklyn Gardens,Glenwood Road
Parkside NW7,Magpie Close,Bampton Drive,Hurstmead Court,Croft Close
Hillside Grove,Falcon Way,Colenso Drive,Parsons Grove,Lawrence Avenue
The Rise,Harrier Road,Ladysmith Close,Wolmer Gardens,Westfield Road
Glenmere Avenue,Swan Drive,Page Meadow,Wolmer Close,Hankins Lane
Hale Lane,Kestrel Close,Tudor Close,Blackwell Gardens,Stockton Gardens
Ashbourne Grove,Parklea Close,Brookfield Avenue,Parsons Crescent,Robin Close
Hawkins Close,Brooklea Close,Brookfield Close,Hartland Close,Worcester Crescent
Grenville Place,Highlea Close,Brookfield Crescent,Hartland Drive,Norbury Grove
Selvage Lane,Linklea Close,Featherstone Road,Harrowes Meade F/P,Bedford Road
Glendor Gardens,Bloomsbury Close,Eleanor Crescent,Bullescroft Road,Ramillies Road
Deans Drive,Bunns Lane,Hillview Road,Warwick Avenue,Courtland Avenue
Deans Lane,Broadfields Avenue (South),Holcombe Hill,Highview Avenue,Barnet Way
Church Close,Edgwarebury Lane (North: Nos 134 +),Buckland Close,Highview Gardens,Mount View
Hale Drive,Parkside Drive,Lerwick Court Bressay Drive,The Drive,Ellesmere Avenue
Derwent Avenue,Mowbray Road,"Shetland Court, Bressay Drive",Drive Court The Drive,Laurel Gardens
Downhurst Avenue,Tayside Drive,"Tingwall Court , Bressay Drive",The Rise,The Fairway
Delamere Gardens,Glendevon Close,Fetlar Court  Bampton Drive,Broadhurst Avenue,Fernside Avenue
The Circle,Dunblane Close,Moorlands Avenue,Lynford Gardens,Laleham Avenue
Holmwood Grove,Kinross Close,Langham Road (Nos 16+),Windsor Avenue,Westmere Drive
Deans Close,Moray Close,Orange Hill Road,Beulah Close,North Dene
Limes Avenue,Pentland Avenue,Park Croft,Cranmer Road,Middle Dene
Lilley Lane (1St Section),Rannoch Close,Woodcroft Avenue,Marlborough Avenue,South Dene
Gibbs Green,Cromarty Road,Lyndhurst Avenue,Wyre Grove,Bramley Close
Sunnydale Gardens,Hazel Gardens,Eversfield Gardens,Rosens Walk,Ashbourne Close
"The Hawthorns, Sunnydale Gardens",The Grove,Goldbeaters Grove (Nos: 1-69 & 2-60),Rogers Walk,Church Path (1St Section)
Sandbrook Close,Deansbrook Road,The Meads,Northiam,Cliveden Close
Beech Walk,Brook Walk,Gold Hill,Northiam,Dorie Mews
Ashmore Lodge Flats 1 -10 (Private),Hook Walk,Benningholme Road,Chiddingfold,Grangeway
Hale Close,Hillcrest Avenue,Oldberry Road,Laurel Way,"Henderson Court, Holden Road"
Sefton Avenue,Copthall Gardens,Cressingham Road,Laurel View,Hoptree Close
Rudyard Grove,Longfield Avenue,Abbots Road,Longland Drive,Inkwell Close
Oakwood Drive,Burnham Close,Deansbrook Road,Oak Tree Drive,Little Cedars
Sunbury Avenue,Fakenham Close,Edwin Road,Great Bushey Drive,Nansen Village
Meridian Close,Aylesham Close,Islip Gardens,Hill Crescent,Squirrels Close
Sunbury Gardens,Brancaster Drive,Dean Walk,Southway,St Andrews Close
Manor Close,Briston Mews,Cardinal Close,Coppice Walk,"Sycamore Court, Holden Road"
Manor Drive,Tithe Walk,Langham Gardens,Lynton Mead,The Oaks
Maxwelton Avenue,Dryfield Road,Hook Walk,Ventnor Drive,Westbury Road
Highwood Grove,Compass Close,Bernhart Close,Greenway Close,Woodside Lane
Maxwelton Close,Newlands Close,Ruddock Close,Willow End,Woodside Park Road
Hale Grove Gardens,Edgware Way (Access Road),Grange Road,Elmstead Close,Holden Avenue
Beechwood Close,Edgwarebury Lane (South: Nos 1-133),Wolsey Grove,Greenway,Woodside Grange Road
Langley Park,Purcells Avenue,Arundel Gardens,Southover (No's 66-120),Highwood Avenue
11-51 Grenville Place,Harrods Green,Horsecroft Road,Framfield Close,Limes Avenue
St Margarets Road,Edgwarebury Gardens,Milling Road,Arlington,Woodside Grove
Hale Lane,Mowbray Road   (Access Road),Norwich Walk,Michleham Down,Woodside Avenue
Golders Close,Ashcombe Gardens,Homefield Road,Shortgate,Green Bank
Heather Walk,Ranelagh Drive,Briar Walk,Approach Road,Brook Meadow
Penshurst Gardens,Ranelagh Close,Kirton Walk,Elder Close,Holden Road
Brook Avenue,Glendale Avenue,Colchester Road,Hadar Close,Guildown Avenue
Priory Field Drive,Park Grove,Meadfield Green,Mowbray Road,Lorian Close
Upcroft Avenue,Hillersdon Avenue,Rushmead Close,Pank Avenue,Clements Close
Cloister Gardens,Orchard Drive,Broadfields Avenue (North),Rowan Walk,Ashbourne Close Nos 82 - 86
Alders Road,"Oakleigh Gardens, Edgware",Bellamy Close,Station Approach New Barnet,Croft Mews
Alders Close,Fairview Way,Glengall Road,Triangle Passage,Sonia Gardens
Farm Road,Kings Drive,Aldridge Avenue,Station Road New Barnet,Twineham Green
West Way,Hillside Gardens,Hamonde Close,York Road,Tillingham Way
Meadow Gardens,Sterling Avenue,Bushfield Crescent,Lyonsdown Road,Naylor Road
Deans Way,Pipers Green Lane,Bushfield Close,Lyonsdown Road,Ridgeview Road
Laneside,Grantham Close,Meadfield,Poppy Close,Charnwood Place
Grange Hill,Hamlyn Close,Knightswood Close,Somerset Road,Elkanette Mews
Grange Close,Brockley Hill,"Harold Court, Knightswood Close",Gloucester Road,Station Approach
Orchard Crescent,Brockley Avenue,Springwood Crescent,Hillside,Abbotts Road
Stanway Gardens,Willow Court,Kenilworth Road,Denewood,"Brookhill Court, Cat Hill"
Penniwell Close,Stonegrove,Morley Crescent,Richmond Road,Carnarvon Road
Ash Close,Mill Ridge,Maytree Close,Eversleigh Road,Hammond Close
Stoneyfields Lane,"Mayfair Court, Stonegrove",Parnell Close,Leicester Road,Underhill
Magnolia Gardens,Earlsbury Gardens,Fairmead Crescent,Greenhill Park,Longmore Avenue
Ridgemont Gardens,Amias Drive,Harcourt Avenue,Church Hill Road,Cat Hill
Oakmead Gardens,Nutt Grove,Luther Close,Church Hill Road (Access Road),Alice Close
Campion Way,Campbell Croft,Mount Grove,St Marys Road,Artesian Grove
Larkspur Grove,Shelley Close,Langley Crescent,Stuart Road,Lee Close
Berberry Close,Baron Close,Riverdene,Capel Road,Bedford Avenue
Hibiscus Close,Denham Road,Fulbeck Walk,Shurland Avenue,Mays Lane
Sycamore Close,Duchess Close,Burrell Close,Lovelace Road,Pinecroft Crescent
Iris Walk,Parkwood,Warrens Shawe Lane,Alverstone Avenue,Hillside Gardens
Firethorn Close,Queens Parade Close,Attfield Close,"The Ridings, Alverstone Avenue",Kenerne Drive
Stoneyfields Gardens,Regal Drive,Britannia Road,Haslemere Avenue,Hasluck Gardens
Gibbs Green,St Pauls Road,Cameron Close,Hereford Avenue,The Fairway
Elmgate Gardens,Oakleigh Road North,Coniston Close,Gallants Farm Road,Dinsdale Gardens
Northolm,Oakleigh Road South,Darcy Close,Albemarle Road,Freston Gardens
Lovatt Close,Coppies Grove,Domville Close,Cedar Avenue,Sycamore Close
Rose Way,Stewards Holte Walk (1St Section),Golfside Close,Avondale Avenue,Trevor Close
Brook Court,Friern Barnet Road,"Holly Terrace, Sweets Way",Derwent Avenue,Osidge Lane  (Access Road)
Victoria Court,Friern Barnet Road (Service Road),Lawrence Campe Close,Connaught Avenue,Osidge Lane
Ash Close Flats,Balmoral Avenue,Millson Close,Myrtle Close,Brookside South
Ambelside Ct & Kendal Hse Gibbs Green,Hampton Close,Orchard Avenue,Gillum Close,Parkside Gardens
Crescent Road,Earl Close,Sweets Way,Chetwynd Avenue,Lancelot Gardens
Queenswell Avenue,Viscount Close,Theobalds Avenue,Grange Avenue,Mallory Gardens
Raleigh Drive,Highgrove Close,Derwent Crescent,Burlington Rise,Ferney Road
Manor Drive,Kensington Close,Swan Lane,Rushdene Avenue,Uplands Road
St James Close,St Johns Avenue,Friern Barnet Lane,Rosslyn Avenue,Woodfield Drive
Church Crescent,Hollyfield Avenue,The Chambers Friern Barnet La. Code 1582,Oakhurst Avenue,East Walk
St James Avenue,Hillside Avenue,The Ridgeway,Brunswick Park Road,East Road
Church Close,Beaconsfield Road,Myddelton Park,Park Road,Exeter Road
Church Way,Fernwood Crescent,Pollard Road,Bells Hill,Bishop Road
Friars Avenue,Beaconsfield Close,Loring Road,Dunster Close,West Walk
Gresham Avenue,Link Road,Greenside Close,Lingholm Way,Knoll Drive
Park Way,East Crescent,Queens Avenue,Sutton Crescent,Friars Walk
Bethune Avenue,Oakleigh Crescent N20,Avenue Road,Lexington Way,Cedar Rise
Beaconsfield Road,Irvine Close,Fredericks Place,Newlands Place,Monkfrith Way
Bellevue Road,"Oakleigh Green, Denham Road",893-895 High Road N12,Spring Close,Monkfrith Close
Carlton Road,Martock Gardens,Applewood Close,Redwood Way,Oak Way
Glenthorne Road,Sparkford Gardens,Franklin Close,West End Lane,Oak Close
Holly Park Road,Cheddar Close,Grange View Road,Gladstone Place,Grimsdyke Crescent
Parkhurst Road,Radstock Close,Harrison Close,The Croft,Jennings Way
The Crescent,Shapwick Close,Hobart Close,Leecroft Road,Cavendish Road
Broadway Mews,York Way,Holland Close,Manor Road,Old Fold View
Leadbeaters Close,Oakleigh Close,Maryrose Way,Sutherland Close,Wood Street
Stanford Road,Bawtry Road,Maxfield Close,Manorside,Manor Close
Ramsden Road,Balfour Grove,Oakleigh Park South,Willow Drive,Elm Passage
Goldsmith Road,Bruce Gardens,Russell Gardens,Cedar Lawn Avenue,Queens Road
Macdonald Road,Allum Way,Russell Road,Fitzjohn Avenue,Regina Close
Hartland Road,Farnham Close,Shrubland Close,Elm Road,Elizabeth Close
Kennard Road,Kingswood Close,Stevenson Close,Orchard Road,Granville Road
Bensley Close,Macaret Close,Tudor Grove,Newlyn Road,Argyle Road
Brook Place,Pine Grove,Well Grove,Hardy Close,Kings Road
Carpenters Close,The Firs,Whetstone Close,Eastham Close,Blenheim Road
County Gate,St Margarets Avenue,Oakleigh Road North,Normandy Avenue,Ravenscroft Park
Finch Close,Birley Road,Russell Lane,Ellesmere Grove,Marriott Road
Ivere Drive,Hayward Road,Simmons Way,Bourn Avenue,The Avenue
Pricklers Hill,Totteridge Lane,Simmons Close,Henry Road,Stapylton Road
"Ravenscroft Cottages, Grasvenor Avenue",Totteridge Village,Oakleigh Avenue,Lancaster Road,Salisbury Road
The Potteries: Mays Lane j/w Barnet Lane,Athenaeum Road,Chandos Avenue,East Barnet Road,The Drive
Vale Drive,Oakleigh Gardens N20,Temple Avenue,Warwick Close,Thornton Road
Western Parade (Service Road),Oxford Gardens,Langton Avenue,Margaret Road,Wentworth Road
"Willenhall Court, Great North Road",Barfield Avenue,Friern Mount Drive,Victoria Road,Cecil Court
Woodfall Avenue,Miles Way,Buckingham Avenue,"Albert Road, New Barnet",Byng Road
High Road N20,Whitehouse Way,Netherlands Road (83 onwards),Alexander Close,Darlands Drive
Great North Road,Walfield Avenue,Oakleigh Park North,Victoria Close,Cattley Close
Cherry Hill,Northcliffe Drive,Beech Avenue,Victoria Avenue,Carnarvon Road
Raydean Road,Harmsworth Way,Fitzwilliam Close,St Wilfrids Road,Strafford Road
Wycherley Crescent,Links Drive,Magdalene Gardens,St Wilfrids Close,Union Street
Fairfield Way,Belmont Close,Cambridge Close,Brookhill Road,Margaret Road
Sherrards Way,West Hill Way,Thatcham Gardens,Brookhill Close,Baring Road
The Linkway,Rowben Close,Thatcham Gardens (Access Road),Doggetts Close (was Doggets Court),Lawton Road
Western Way,Kendal Close (Private),Waterfall Road (1 to 131),Kingston Road,St James Close
Barnet Lane EN5,Mount Pleasant,Brunswick Park Road,Berkeley Crescent,Westbrook Square
Brent Place,Langford Road,Falkland Avenue,Beeston Road,Westbrook Crescent
Westcombe Drive,Wilton Road,Marne Avenue,Pym Close,Armstrong Crescent
Grasvenor Avenue,Langford Crescent,Spencer Road,Somaford Grove,Hertford Road
Elton Avenue,Bevan Road,Brunswick Avenue,Cranbrook Road,Hertford Close
Milton Avenue,Ashurst Road,Weirdale Avenue,Welbeck Road,Westbrook Close
Amber Close,Heddon Road,Ashbourne Avenue,Jackson Road,Castlewood Road
Totteridge Village (1 to 50),Evelyn Road,Beresford Avenue,Pymmes Brook Drive,Arundel Road
The Close,Norrys Road,Dene Road,Brownlow Close,Northfield Road
Totteridge Green,Norrys Close,Thorndene Avenue,Barons Gate,Linthorpe Road
"Grace Court, Totteridge Green",Hamilton Road,Pine Road,Middle Road,Grove Road
Beatrice Court,Hamilton Close,Linden Road,238-248 East Barnet Road,Fordham Close
Emily House,Carson Road,Prevost Road,Tewkesbury Close,Crescent Road
Hampden Way,Eccleston Close,Ryhope Road,"Newbury House  (15 Flats), The Approach",Caddington Close
Waterfall Road (133 to 149),Ibsley Way,Pymmes Green Road,Clarence Close,Keely Close
Crown Lane,Belmont Avenue,Bridge Way,,Crescent Rise
Burleigh Gardens,Netherlands Road (1-82),Dale Green Road,,Fordham Road
Chase Way,Calton Road,Brunswick Crescent,,Pilgrims Rise
Summit Way,Holyrood Road,Haynes Close,,Dianne Way
Summit Close,Lyonsdown Avenue,Brunswick Grove,,High Trees
Underne Avenue,The Drive,Park View Crescent,,Herons Rise
Mandeville Road,Willenhall Avenue,Darwin Close,,Somercoates Close
Cowper Road,Northumberland Road,Marshalls Close,,Kenley Close
Chase Side,Lockswood Close,Howard Close,,Mount Road
Farm Close N14,Mallard Close,Brunswick Park Gardens,,Park Road
Farm Lane,The Hook,Bryant Close,,Pendall Close
Canon Mohan Close,Dalmeny Road,Crocus Field,,Pensilver Close
Ruston Gardens,Monks Avenue,Dollis Valley Drive,,Rolfe Close
Byre Road,Benfleet Way,Dollis Valley Way,,Silvercliffe Gardens
Oakdale,Exchange Close,Meadow Close,,Appletree Gardens
Shamrock Way,Goldrill Drive,Rossiter Fields,,Edgeworth Road
The Woodlands,Cambstone Close,Leeside,,Botany Close
Manor Drive,Grindleford Avenue,Northbrook Road,,
Cecil Road,Corefield Close,Mayhill Road,,
Arlington Road,Gatcombe Way,Valley View,,
Marlborough Avenue,Verwood Drive,Boardman Close,,
Lincoln Avenue,Oakham Close,Mays Lane,,
Ashfield Road,Lichfield Close,Golda Close,,
Oxford Avenue,Osborne Close,Barnet Gate Lane,,
Kinderton Close,Cheriton Close,Althorp Close,,
Highbury Square,Barnet Road,Partridge Close,,
Principal Close,Brickfield Lane,Bishops Close,,
Boxelder Close,Windmill Lane,Southfield,,
Wellhouse Lane,Rockways,Adrian Close,,
Elmbank Avenue,Wylo Drive,Ridgeview Close,,
Trinder Road,Saddlers Close,Alan Drive,,
Pepys Crescent,Hedgerow Lane,Brookside Close,,
Whitings Road,Galley Lane,Dollis Brook Walk,,
Mineral Close,Chesterfield Road,Windsor Road,,
Greenland Road,Eleanor Gardens,Connaught Road,,
Shelford Road,Palmer Gardens,Pellow Close,,
Nupton Drive,Sellwood Drive,Archer Close,,
Stanhope Road,Juniper Close,Glyn Avenue,,
Edwyn Close,Sampson Avenue,Ridgeway Avenue,,
Dormer Close,Howard Way,Eton Avenue,,
Dexter Road,St Anna Road,Brookside,,
Niton Close,Jarvis Close,Littlegrove,,
Brett Road,Willowbay Close,Windsor Drive,,
Quinta Drive,Hendon Wood Lane,Bohun Grove,,
Malins Close,Chantry Close,Chestnut Grove,,
West Close,Highwood Hill,Heddon Court Avenue,,
Ryecroft Crescent,Crown Close,Mansfield Avenue,,
St Peters Close,Totteridge Common,Lakeside Crescent,,
Hackforth Close,Horseshoe Lane,The Close,,
Farm Close EN5,Chestnut Lane,"Clivedon Court, Lytton Road",,
Raebarn Gardens,Grange Avenue,Daneland,,
Arkley Drive,Totteridge Village (51 and above),Lytton Road,,
Chartridge Close,Wykeham Rise,"Middleton Lodge, Lytton Road",,
Carrington Close,Badgers Croft,Bulwer Gardens,,
Rowley Green Road,Barnet Lane EN5,Plantagenet Road,,
Sandalwood Close,The Pastures,Duncan Close,,
Rowley Lane,White Orchards,Bulwer Road,,
Lynford Close,Oaklands Road,Cromer Road,,
Garthland Drive,Priory Close,Boleyn Way,,
Vyse Close,Potters Road,Galdana Avenue,,
Endersby Road,Woodville Road,Morell Close,,
Aitken Road,Tudor Road,Shaftesbury Avenue,,
Hill Close,Latimer Road,Stockton Close,,
Denton Close,Vincent Close,Elwood Close,,
Escot Way,Julian Close,Knebworth Close,,
North Close,Hurst Rise,Nurserymans Road,,
Hawthorn Grove,Norfolk Road,Dowd Close,,
Kerri Close,Bosworth Road,Gardeners Close,,
Garden Close,Hadley Road (Potters Rd/Hadley Common),,,
Field End,Hexham Road,,,
Hazel Mead,Clifford Road,,,
Kates Close,Potters Lane,,,
Glebe Lane,King Edward Road,,,
Meadowbanks,Kingsmead,,,
Dingle Close,Hillary Rise,,,
Arkley Lane,Prospect Road,,,
Arkley View,Warwick Road,,,
Oaklands Lane,Highlands Road,,,
Well Approach,Crown Gate,,,
Well Road,Royal Drive,,,
Wellside Close,,,,
Matlock Close,,,,
Moxon Street,,,,
Moon Lane,,,,
Tapster Street,,,,
Victors Way,,,,
Salisbury Road,,,,
High Street,,,,
St Albans Road,,,,
Christ Church Passage,,,,
Sunset View,,,,
Chipping Close,,,,
Hadley Green Road,,,,
Nursery Row,,,,
Christ Church Lane,,,,
Gladsmuir Road,,,,
Hadley Grove,,,,
Meadway,,,,
Burnside Close,,,,
Martins Mount,,,,
The Crescent,,,,
Hadley Common,,,,
Camlet Way,,,,
Hadley Green West,,,,
East View,,,,
Hadley Green,,,,
Alston Road,,,,
Hadley Ridge,,,,
Belgravia Close,,,,
Wyburn Avenue,,,,
Hyde Close,,,,
South Close,,,,
Mill Corner,,,,
Hadley Highstone,,,,
Kitts End Road,,,,
Greenacre Close,,,,
Beaumont Place,,,,
Langley Row,,,,
Dury Road,,,,
Bray Road,,,,
Curry Rise,,,,
Walden Way,,,,
Montague Close,,,,
Gordon Way,,,,
Boundary Close,,,,
Meadway Close,,,,